ID_NOTICE_CAN,ID_AWARD,WIN_NAME,WIN_COUNTRY_CODE,CAE_NAME,ISO_COUNTRY_CODE,DT_AWARD,CPV,AWARD_VALUE_EURO,AWARD_VALUE_EURO_FIN_1,TOP_TYPE,CRIT_CODE,CANCELLED,source_year,DT_AWARD_RAW,award_year,WIN_NAME_CLEAN,award_value,CPV_2digit
201928626,10218872,UAB „Sormedica“,LT,VšĮ Respublikinė Vilniaus universitetinė ligoninė,LT,2018-11-28,33140000,39835.65,39835.65,OPE,M,0,2019,28/11/18,2018,UAB „SORMEDICA“,39835.65,33
201928626,10218872,UAB „Sormedica“,LT,VšĮ Respublikinė Vilniaus universitetinė ligoninė,LT,2018-11-28,33140000,39835.65,39835.65,OPE,L,0,2019,28/11/18,2018,UAB „SORMEDICA“,39835.65,33
201928626,10218879,UAB „Remeda“,LT,VšĮ Respublikinė Vilniaus universitetinė ligoninė,LT,2018-11-22,33140000,80135,80135,OPE,L,0,2019,22/11/18,2018,UAB „REMEDA“,80135,33
201928626,10218879,UAB „Remeda“,LT,VšĮ Respublikinė Vilniaus universitetinė ligoninė,LT,2018-11-22,33140000,80135,80135,OPE,M,0,2019,22/11/18,2018,UAB „REMEDA“,80135,33
201966981,10279999,Медиклим ЕООД,BG,Специализирана болница за активно лечение на хематологични заболявания,BG,2019-01-21,33694000,65651.19,65651.19,OPE,L,0,2019,21/01/19,2019,МЕДИКЛИМ ЕООД,65651.19,33
201966981,10279999,Медиклим ЕООД,BG,Специализирана болница за активно лечение на хематологични заболявания,BG,2019-01-21,33694000,65651.19,65651.19,OPE,M,0,2019,21/01/19,2019,МЕДИКЛИМ ЕООД,65651.19,33
201966981,10280008,Антисел България ООД,BG,Специализирана болница за активно лечение на хематологични заболявания,BG,2019-01-24,33694000,60380.24,60380.24,OPE,L,0,2019,24/01/19,2019,АНТИСЕЛ БЪЛГАРИЯ ООД,60380.24,33
201966981,10280008,Антисел България ООД,BG,Специализирана болница за активно лечение на хематологични заболявания,BG,2019-01-24,33694000,60380.24,60380.24,OPE,M,0,2019,24/01/19,2019,АНТИСЕЛ БЪЛГАРИЯ ООД,60380.24,33
201966981,10280012,Елта 90М ООД,BG,Специализирана болница за активно лечение на хематологични заболявания,BG,2019-01-31,33694000,55800.95,55800.95,OPE,L,0,2019,31/01/19,2019,ЕЛТА 90М ООД,55800.95,33
201966981,10280012,Елта 90М ООД,BG,Специализирана болница за активно лечение на хематологични заболявания,BG,2019-01-31,33694000,55800.95,55800.95,OPE,M,0,2019,31/01/19,2019,ЕЛТА 90М ООД,55800.95,33
2019265144,10538526,Aebi Schmidt Deutschland Gmbh,DE,Landesbetrieb für Straßenbau,DE,2019-06-05,34143000,320262.52,320262.52,OPE,M,0,2019,05/06/19,2019,AEBI SCHMIDT DEUTSCHLAND GMBH,320262.52,34
2019265144,10538526,Aebi Schmidt Deutschland Gmbh,DE,Landesbetrieb für Straßenbau,DE,2019-06-05,34143000,320262.52,320262.52,OPE,L,0,2019,05/06/19,2019,AEBI SCHMIDT DEUTSCHLAND GMBH,320262.52,34
2019268355,10543317,Fresenius kabi ITALIA,IT,Azienda Sanitaria Provinciale Palermo,IT,2019-02-08,33124130,904398.3,904398.3,OPE,L,0,2019,08/02/19,2019,FRESENIUS KABI ITALIA,904398.3,33
2019268355,10543317,Fresenius kabi ITALIA,IT,Azienda Sanitaria Provinciale Palermo,IT,2019-02-08,33124130,904398.3,904398.3,OPE,M,0,2019,08/02/19,2019,FRESENIUS KABI ITALIA,904398.3,33
2019620315,11079156,"Páez Soluciones Integrales, S. L.",ES,Junta de Andalucía — Consejería de Empleo; Formación y Trabajo Autónomo,ES,2019-12-23,30190000,140742.17,140742.17,OPE,L,0,2019,23/12/19,2019,"PÁEZ SOLUCIONES INTEGRALES, S. L.",140742.17,30
2019620315,11079156,"Páez Soluciones Integrales, S. L.",ES,Junta de Andalucía — Consejería de Empleo; Formación y Trabajo Autónomo,ES,2019-12-23,30190000,140742.17,140742.17,OPE,M,0,2019,23/12/19,2019,"PÁEZ SOLUCIONES INTEGRALES, S. L.",140742.17,30
202082541,11260410,Pfizer,FR,Unicancer Achats,FR,2020-02-04,33600000,8000000,8000000,OPE,L,0,2020,04/02/20,2020,PFIZER,8000000,33
202082541,11260410,Pfizer,FR,Unicancer Achats,FR,2020-02-04,33600000,8000000,8000000,OPE,M,0,2020,04/02/20,2020,PFIZER,8000000,33
202082550,11260536,Διαλυνάς Α.Ε.,GR,Δήμος Αγίου Βασιλείου,GR,2020-01-24,42996000,475000,475000,OPE,M,0,2020,24/01/20,2020,ΔΙΑΛΥΝΆΣ Α.Ε.,475000,42
202082550,11260536,Διαλυνάς Α.Ε.,GR,Δήμος Αγίου Βασιλείου,GR,2020-01-24,42996000,475000,475000,OPE,L,0,2020,24/01/20,2020,ΔΙΑΛΥΝΆΣ Α.Ε.,475000,42
202094476,11280934,Medtronic Poland Sp. z o.o.,PL,Szpital Wojewódzki im. Mikołaja Kopernika,PL,2020-02-07,33158210,148210.67,148210.67,OPE,L,0,2020,07/02/20,2020,MEDTRONIC POLAND SP. Z O.O.,148210.67,33
202094476,11280934,Medtronic Poland Sp. z o.o.,PL,Szpital Wojewódzki im. Mikołaja Kopernika,PL,2020-02-07,33158210,148210.67,148210.67,OPE,M,0,2020,07/02/20,2020,MEDTRONIC POLAND SP. Z O.O.,148210.67,33
2020191632,11449085,Zakład Usług Leśnych Arkadiusz Puchalski,PL,"Skarb Państwa, Państwowe Gospodarstwo Leśne Lasy Państwowe, Nadleśnictwo Rudka",PL,2020-04-16,77200000,168430.65,168430.65,OPE,M,0,2020,16/04/20,2020,ZAKŁAD USŁUG LEŚNYCH ARKADIUSZ PUCHALSKI,168430.65,77
2020191632,11449085,Zakład Usług Leśnych Arkadiusz Puchalski,PL,"Skarb Państwa, Państwowe Gospodarstwo Leśne Lasy Państwowe, Nadleśnictwo Rudka",PL,2020-04-16,77200000,168430.65,168430.65,OPE,L,0,2020,16/04/20,2020,ZAKŁAD USŁUG LEŚNYCH ARKADIUSZ PUCHALSKI,168430.65,77
2020488614,12050572,Σερβόιλ Ε.Π.Ε.,GR,Δήμος Ιεράς Πόλης Μεσολογγίου---Δευτεροβάθμια Σχολική Επιτροπή Δήμου Ιεράς Πόλης Μεσολογγίου---Κέντρο και Μουσείο Χαρακτικών Τεχνών «Β. Κατράκη»---Πνευματικό - Αθλητικό Κέντρο Δήμου Ιεράς Πόλης Μεσολογγίου---Πρωτοβάθμια Σχολική Επιτροπή Δήμου Ιεράς Πόλης Μεσολογγίου---Σύνδεσμος Διαχείρισης Στερεών Αποβλήτων 4ης Γ.Ε.Ν. Αιτωλοακαρνανίας,GR,2020-07-01,9130000,448865,448865,OPE,L,0,2020,01/07/20,2020,ΣΕΡΒΌΙΛ Ε.Π.Ε.,448865,91
2020488614,12050572,Σερβόιλ Ε.Π.Ε.,GR,Δήμος Ιεράς Πόλης Μεσολογγίου---Δευτεροβάθμια Σχολική Επιτροπή Δήμου Ιεράς Πόλης Μεσολογγίου---Κέντρο και Μουσείο Χαρακτικών Τεχνών «Β. Κατράκη»---Πνευματικό - Αθλητικό Κέντρο Δήμου Ιεράς Πόλης Μεσολογγίου---Πρωτοβάθμια Σχολική Επιτροπή Δήμου Ιεράς Πόλης Μεσολογγίου---Σύνδεσμος Διαχείρισης Στερεών Αποβλήτων 4ης Γ.Ε.Ν. Αιτωλοακαρνανίας,GR,2020-07-01,9130000,448865,448865,OPE,M,0,2020,01/07/20,2020,ΣΕΡΒΌΙΛ Ε.Π.Ε.,448865,91
2020572266,12238508,"Multianau, S. L.",ES,Ayuntamiento de Fraga,ES,2020-11-20,90911200,29900,29900,OPE,M,0,2020,20/11/20,2020,"MULTIANAU, S. L.",29900,90
2020572266,12238508,"Multianau, S. L.",ES,Ayuntamiento de Fraga,ES,2020-11-20,90911200,29900,29900,OPE,L,0,2020,20/11/20,2020,"MULTIANAU, S. L.",29900,90
2020601236,12288337,bioMérieux Polska Sp. z o.o.,PL,Specjalistyczny Szpital Wojewódzki w Ciechanowie,PL,2020-11-30,33696500,934638.23,934638.23,OPE,M,0,2020,30/11/20,2020,BIOMÉRIEUX POLSKA SP. Z O.O.,934638.23,33
2020601236,12288337,bioMérieux Polska Sp. z o.o.,PL,Specjalistyczny Szpital Wojewódzki w Ciechanowie,PL,2020-11-30,33696500,934638.23,934638.23,OPE,L,0,2020,30/11/20,2020,BIOMÉRIEUX POLSKA SP. Z O.O.,934638.23,33
2021111135,12644115,„Дансон-БГ“ ООД,BG,„Многопрофилна болница за активно лечение — Тутракан“ ЕООД,BG,2021-01-28,33600000,6562.38,6562.38,OPE,L,0,2021,28/01/21,2021,„ДАНСОН-БГ“ ООД,6562.38,33
2021111135,12644115,„Дансон-БГ“ ООД,BG,„Многопрофилна болница за активно лечение — Тутракан“ ЕООД,BG,2021-01-28,33600000,6562.38,6562.38,OPE,M,0,2021,28/01/21,2021,„ДАНСОН-БГ“ ООД,6562.38,33
2021150242,12722563,„Търговска лига — Глобален аптечен център“ АД,BG,„Многопрофилна болница за активно лечение — Тутракан“ ЕООД,BG,2021-03-11,33600000,11831.2,11831.2,OPE,M,0,2021,11/03/21,2021,„ТЪРГОВСКА ЛИГА — ГЛОБАЛЕН АПТЕЧЕН ЦЕНТЪР“ АД,11831.2,33
2021150242,12722563,„Търговска лига — Глобален аптечен център“ АД,BG,„Многопрофилна болница за активно лечение — Тутракан“ ЕООД,BG,2021-03-11,33600000,11831.2,11831.2,OPE,L,0,2021,11/03/21,2021,„ТЪРГОВСКА ЛИГА — ГЛОБАЛЕН АПТЕЧЕН ЦЕНТЪР“ АД,11831.2,33
2021167625,12762161,Mazars,IE,Tourism Ireland CLG,IE,2021-01-01,79211110,800000,800000,OPE,M,0,2021,01/01/21,2021,MAZARS,800000,79
2021167625,12762161,Mazars,IE,Tourism Ireland CLG,IE,2021-01-01,79211110,800000,800000,OPE,L,0,2021,01/01/21,2021,MAZARS,800000,79
2021197098,12833077,„Антисел България“ ООД,BG,Специализирана болница за активно лечение на хематологични заболявания,BG,2021-03-18,33696500,93856.92,93856.92,OPE,L,0,2021,18/03/21,2021,„АНТИСЕЛ БЪЛГАРИЯ“ ООД,93856.92,33
2021197098,12833077,„Антисел България“ ООД,BG,Специализирана болница за активно лечение на хематологични заболявания,BG,2021-03-18,33696500,93856.92,93856.92,OPE,M,0,2021,18/03/21,2021,„АНТИСЕЛ БЪЛГАРИЯ“ ООД,93856.92,33
2021220569,12887106,"Mersant Vigilancia, S. L.",ES,"Junta de Andalucía — Consejería de Fomento, Infraestructuras y Ordenación del Territorio — Secretaría General Técnica",ES,2021-04-27,79714000,609177.85,609177.85,OPE,L,0,2021,27/04/21,2021,"MERSANT VIGILANCIA, S. L.",609177.85,79
2021220569,12887106,"Mersant Vigilancia, S. L.",ES,"Junta de Andalucía — Consejería de Fomento, Infraestructuras y Ordenación del Territorio — Secretaría General Técnica",ES,2021-04-27,79714000,609177.85,609177.85,OPE,M,0,2021,27/04/21,2021,"MERSANT VIGILANCIA, S. L.",609177.85,79
2021286871,13024827,UAB „Chemi Pharm Group“,LT,VšĮ Respublikinė Vilniaus universitetinė ligoninė,LT,2021-04-22,24455000,66240,66240,OPE,L,0,2021,22/04/21,2021,UAB „CHEMI PHARM GROUP“,66240,24
2021286871,13024827,UAB „Chemi Pharm Group“,LT,VšĮ Respublikinė Vilniaus universitetinė ligoninė,LT,2021-04-22,24455000,66240,66240,OPE,M,0,2021,22/04/21,2021,UAB „CHEMI PHARM GROUP“,66240,24
2021366976,13191037,"Madrigale, Têxteis, Unipessoal, Lda.",PT,Ministério da Defesa Nacional — Marinha Direção de Abastecimento,PT,2021-07-08,18100000,114585,114585,OPE,L,0,2021,08/07/21,2021,"MADRIGALE, TÊXTEIS, UNIPESSOAL, LDA.",114585,18
2021366976,13191037,"Madrigale, Têxteis, Unipessoal, Lda.",PT,Ministério da Defesa Nacional — Marinha Direção de Abastecimento,PT,2021-07-08,18100000,114585,114585,OPE,M,0,2021,08/07/21,2021,"MADRIGALE, TÊXTEIS, UNIPESSOAL, LDA.",114585,18
2021380070,13217592,UAB „Med grupė“,LT,Viešoji įstaiga Vilniaus universiteto ligoninės Žalgirio klinika,LT,2021-05-31,33132000,164270,164270,OPE,L,0,2021,31/05/21,2021,UAB „MED GRUPĖ“,164270,33
2021380070,13217592,UAB „Med grupė“,LT,Viešoji įstaiga Vilniaus universiteto ligoninės Žalgirio klinika,LT,2021-05-31,33132000,164270,164270,OPE,M,0,2021,31/05/21,2021,UAB „MED GRUPĖ“,164270,33
2021461853,13407221,Midlers Mark och Exploatering AB,SE,"Göteborgs Stad, Fastighetskontoret",SE,2021-06-16,70110000,3370768.25,3370768.25,OPE,M,0,2021,16/06/21,2021,MIDLERS MARK OCH EXPLOATERING AB,3370768.25,70
2021461853,13407221,Midlers Mark och Exploatering AB,SE,"Göteborgs Stad, Fastighetskontoret",SE,2021-06-16,70110000,3370768.25,3370768.25,OPE,L,0,2021,16/06/21,2021,MIDLERS MARK OCH EXPLOATERING AB,3370768.25,70
2021527389,13536355,"UAB """"Lobby Baltic""""",LT,Europos socialinio fondo agentūra,LT,2021-09-22,15800000,1153966.14,1153966.14,OPE,L,0,2021,22/09/21,2021,"UAB """"LOBBY BALTIC""""",1153966.14,15
2021527389,13536355,"UAB """"Lobby Baltic""""",LT,Europos socialinio fondo agentūra,LT,2021-09-22,15800000,1153966.14,1153966.14,OPE,M,0,2021,22/09/21,2021,"UAB """"LOBBY BALTIC""""",1153966.14,15
2021527389,13536357,"UAB """"Handelshus""""",LT,Europos socialinio fondo agentūra,LT,2021-09-24,15800000,2268882,2268882,OPE,L,0,2021,24/09/21,2021,"UAB """"HANDELSHUS""""",2268882,15
2021527389,13536357,"UAB """"Handelshus""""",LT,Europos socialinio fondo agentūra,LT,2021-09-24,15800000,2268882,2268882,OPE,M,0,2021,24/09/21,2021,"UAB """"HANDELSHUS""""",2268882,15
2021527389,13536359,"UAB """"Sanitex""""",LT,Europos socialinio fondo agentūra,LT,2021-09-24,15800000,1883728.28,1883728.28,OPE,L,0,2021,24/09/21,2021,"UAB """"SANITEX""""",1883728.28,15
2021527389,13536359,"UAB """"Sanitex""""",LT,Europos socialinio fondo agentūra,LT,2021-09-24,15800000,1883728.28,1883728.28,OPE,M,0,2021,24/09/21,2021,"UAB """"SANITEX""""",1883728.28,15
2021590219,13672210,Bau-Logistick Lück,DE,Landeswaldoberförsterei Alt Ruppin,DE,2021-10-25,14212000,1,1,OPE,M,0,2021,25/10/21,2021,BAU-LOGISTICK LÜCK,1,14
2021590219,13672210,Bau-Logistick Lück,DE,Landeswaldoberförsterei Alt Ruppin,DE,2021-10-25,14212000,1,1,OPE,L,0,2021,25/10/21,2021,BAU-LOGISTICK LÜCK,1,14
2021616946,13726935,URTICA Sp. z o.o.,PL,Mazowiecki Szpital Wojewódzki im. św. Jana Pawła II w Siedlcach Spółka z ograniczoną odpowiedzialnością,PL,2021-11-26,33600000,6529.4,6529.4,OPE,L,0,2021,26/11/21,2021,URTICA SP. Z O.O.,6529.4,33
2021616946,13726935,URTICA Sp. z o.o.,PL,Mazowiecki Szpital Wojewódzki im. św. Jana Pawła II w Siedlcach Spółka z ograniczoną odpowiedzialnością,PL,2021-11-26,33600000,6529.4,6529.4,OPE,M,0,2021,26/11/21,2021,URTICA SP. Z O.O.,6529.4,33
2021616946,13726936,Urtica sp. z o.o,PL,Mazowiecki Szpital Wojewódzki im. św. Jana Pawła II w Siedlcach Spółka z ograniczoną odpowiedzialnością,PL,2021-11-26,33600000,183.23,183.23,OPE,L,0,2021,26/11/21,2021,URTICA SP. Z O.O,183.23,33
2021616946,13726936,Urtica sp. z o.o,PL,Mazowiecki Szpital Wojewódzki im. św. Jana Pawła II w Siedlcach Spółka z ograniczoną odpowiedzialnością,PL,2021-11-26,33600000,183.23,183.23,OPE,M,0,2021,26/11/21,2021,URTICA SP. Z O.O,183.23,33
2021616946,13726937,Sanofi-Aventis Sp.z o.o,PL,Mazowiecki Szpital Wojewódzki im. św. Jana Pawła II w Siedlcach Spółka z ograniczoną odpowiedzialnością,PL,2021-11-26,33600000,581.97,581.97,OPE,L,0,2021,26/11/21,2021,SANOFI-AVENTIS SP.Z O.O,581.97,33
2021616946,13726937,Sanofi-Aventis Sp.z o.o,PL,Mazowiecki Szpital Wojewódzki im. św. Jana Pawła II w Siedlcach Spółka z ograniczoną odpowiedzialnością,PL,2021-11-26,33600000,581.97,581.97,OPE,M,0,2021,26/11/21,2021,SANOFI-AVENTIS SP.Z O.O,581.97,33
2021616946,13726938,Salus International Sp.z o.o.,PL,Mazowiecki Szpital Wojewódzki im. św. Jana Pawła II w Siedlcach Spółka z ograniczoną odpowiedzialnością,PL,2021-11-26,33600000,41.42,41.42,OPE,M,0,2021,26/11/21,2021,SALUS INTERNATIONAL SP.Z O.O.,41.42,33
2021616946,13726938,Salus International Sp.z o.o.,PL,Mazowiecki Szpital Wojewódzki im. św. Jana Pawła II w Siedlcach Spółka z ograniczoną odpowiedzialnością,PL,2021-11-26,33600000,41.42,41.42,OPE,L,0,2021,26/11/21,2021,SALUS INTERNATIONAL SP.Z O.O.,41.42,33
2021616946,13726969,salus International Sp. z o.o.,PL,Mazowiecki Szpital Wojewódzki im. św. Jana Pawła II w Siedlcach Spółka z ograniczoną odpowiedzialnością,PL,2021-11-26,33600000,22356.09,22356.09,OPE,M,0,2021,26/11/21,2021,SALUS INTERNATIONAL SP. Z O.O.,22356.09,33
2021616946,13726969,salus International Sp. z o.o.,PL,Mazowiecki Szpital Wojewódzki im. św. Jana Pawła II w Siedlcach Spółka z ograniczoną odpowiedzialnością,PL,2021-11-26,33600000,22356.09,22356.09,OPE,L,0,2021,26/11/21,2021,SALUS INTERNATIONAL SP. Z O.O.,22356.09,33
2021616946,13726970,Amgen Sp. z o.o.,PL,Mazowiecki Szpital Wojewódzki im. św. Jana Pawła II w Siedlcach Spółka z ograniczoną odpowiedzialnością,PL,2021-11-26,33600000,12747.42,12747.42,OPE,M,0,2021,26/11/21,2021,AMGEN SP. Z O.O.,12747.42,33
2021616946,13726970,Amgen Sp. z o.o.,PL,Mazowiecki Szpital Wojewódzki im. św. Jana Pawła II w Siedlcach Spółka z ograniczoną odpowiedzialnością,PL,2021-11-26,33600000,12747.42,12747.42,OPE,L,0,2021,26/11/21,2021,AMGEN SP. Z O.O.,12747.42,33
2021616946,13726971,Asclepios S.A,PL,Mazowiecki Szpital Wojewódzki im. św. Jana Pawła II w Siedlcach Spółka z ograniczoną odpowiedzialnością,PL,2021-11-26,33600000,6334.76,6334.76,OPE,M,0,2021,26/11/21,2021,ASCLEPIOS S.A,6334.76,33
2021616946,13726971,Asclepios S.A,PL,Mazowiecki Szpital Wojewódzki im. św. Jana Pawła II w Siedlcach Spółka z ograniczoną odpowiedzialnością,PL,2021-11-26,33600000,6334.76,6334.76,OPE,L,0,2021,26/11/21,2021,ASCLEPIOS S.A,6334.76,33
2021616946,13726973,Asclepios S.A,PL,Mazowiecki Szpital Wojewódzki im. św. Jana Pawła II w Siedlcach Spółka z ograniczoną odpowiedzialnością,PL,2021-11-26,33600000,1259.39,1259.39,OPE,M,0,2021,26/11/21,2021,ASCLEPIOS S.A,1259.39,33
2021616946,13726973,Asclepios S.A,PL,Mazowiecki Szpital Wojewódzki im. św. Jana Pawła II w Siedlcach Spółka z ograniczoną odpowiedzialnością,PL,2021-11-26,33600000,1259.39,1259.39,OPE,L,0,2021,26/11/21,2021,ASCLEPIOS S.A,1259.39,33
2021616946,13726978,Urtica Sp.z o.o,PL,Mazowiecki Szpital Wojewódzki im. św. Jana Pawła II w Siedlcach Spółka z ograniczoną odpowiedzialnością,PL,2021-11-26,33600000,1788.49,1788.49,OPE,M,0,2021,26/11/21,2021,URTICA SP.Z O.O,1788.49,33
2021616946,13726978,Urtica Sp.z o.o,PL,Mazowiecki Szpital Wojewódzki im. św. Jana Pawła II w Siedlcach Spółka z ograniczoną odpowiedzialnością,PL,2021-11-26,33600000,1788.49,1788.49,OPE,L,0,2021,26/11/21,2021,URTICA SP.Z O.O,1788.49,33
2021616946,13726979,Urtica Sp.zo.o,PL,Mazowiecki Szpital Wojewódzki im. św. Jana Pawła II w Siedlcach Spółka z ograniczoną odpowiedzialnością,PL,2021-11-26,33600000,22143.17,22143.17,OPE,M,0,2021,26/11/21,2021,URTICA SP.ZO.O,22143.17,33
2021616946,13726979,Urtica Sp.zo.o,PL,Mazowiecki Szpital Wojewódzki im. św. Jana Pawła II w Siedlcach Spółka z ograniczoną odpowiedzialnością,PL,2021-11-26,33600000,22143.17,22143.17,OPE,L,0,2021,26/11/21,2021,URTICA SP.ZO.O,22143.17,33
2021616946,13726990,Zarys International Group Sp. z o.o. sp. k.,PL,Mazowiecki Szpital Wojewódzki im. św. Jana Pawła II w Siedlcach Spółka z ograniczoną odpowiedzialnością,PL,2021-11-26,33600000,3643.21,3643.21,OPE,M,0,2021,26/11/21,2021,ZARYS INTERNATIONAL GROUP SP. Z O.O. SP. K.,3643.21,33
2021616946,13726990,Zarys International Group Sp. z o.o. sp. k.,PL,Mazowiecki Szpital Wojewódzki im. św. Jana Pawła II w Siedlcach Spółka z ograniczoną odpowiedzialnością,PL,2021-11-26,33600000,3643.21,3643.21,OPE,L,0,2021,26/11/21,2021,ZARYS INTERNATIONAL GROUP SP. Z O.O. SP. K.,3643.21,33
2021616946,13726991,Zarys International Group sp. z o.o. sp. k.,PL,Mazowiecki Szpital Wojewódzki im. św. Jana Pawła II w Siedlcach Spółka z ograniczoną odpowiedzialnością,PL,2021-11-26,33600000,1845.26,1845.26,OPE,L,0,2021,26/11/21,2021,ZARYS INTERNATIONAL GROUP SP. Z O.O. SP. K.,1845.26,33
2021616946,13726991,Zarys International Group sp. z o.o. sp. k.,PL,Mazowiecki Szpital Wojewódzki im. św. Jana Pawła II w Siedlcach Spółka z ograniczoną odpowiedzialnością,PL,2021-11-26,33600000,1845.26,1845.26,OPE,M,0,2021,26/11/21,2021,ZARYS INTERNATIONAL GROUP SP. Z O.O. SP. K.,1845.26,33
2021616946,13726992,Zarys International Group sp. z o.o. sp. k.,PL,Mazowiecki Szpital Wojewódzki im. św. Jana Pawła II w Siedlcach Spółka z ograniczoną odpowiedzialnością,PL,2021-11-26,33600000,54.88,54.88,OPE,L,0,2021,26/11/21,2021,ZARYS INTERNATIONAL GROUP SP. Z O.O. SP. K.,54.88,33
2021616946,13726992,Zarys International Group sp. z o.o. sp. k.,PL,Mazowiecki Szpital Wojewódzki im. św. Jana Pawła II w Siedlcach Spółka z ograniczoną odpowiedzialnością,PL,2021-11-26,33600000,54.88,54.88,OPE,M,0,2021,26/11/21,2021,ZARYS INTERNATIONAL GROUP SP. Z O.O. SP. K.,54.88,33
2021616946,13726993,Zarys International Group sp. z o.o. sp. k.,PL,Mazowiecki Szpital Wojewódzki im. św. Jana Pawła II w Siedlcach Spółka z ograniczoną odpowiedzialnością,PL,2021-11-26,33600000,38.32,38.32,OPE,M,0,2021,26/11/21,2021,ZARYS INTERNATIONAL GROUP SP. Z O.O. SP. K.,38.32,33
2021616946,13726993,Zarys International Group sp. z o.o. sp. k.,PL,Mazowiecki Szpital Wojewódzki im. św. Jana Pawła II w Siedlcach Spółka z ograniczoną odpowiedzialnością,PL,2021-11-26,33600000,38.32,38.32,OPE,L,0,2021,26/11/21,2021,ZARYS INTERNATIONAL GROUP SP. Z O.O. SP. K.,38.32,33
2021616946,13726994,Zarys International Group sp. z o.o. sp. k.,PL,Mazowiecki Szpital Wojewódzki im. św. Jana Pawła II w Siedlcach Spółka z ograniczoną odpowiedzialnością,PL,2021-11-26,33600000,2165.43,2165.43,OPE,L,0,2021,26/11/21,2021,ZARYS INTERNATIONAL GROUP SP. Z O.O. SP. K.,2165.43,33
2021616946,13726994,Zarys International Group sp. z o.o. sp. k.,PL,Mazowiecki Szpital Wojewódzki im. św. Jana Pawła II w Siedlcach Spółka z ograniczoną odpowiedzialnością,PL,2021-11-26,33600000,2165.43,2165.43,OPE,M,0,2021,26/11/21,2021,ZARYS INTERNATIONAL GROUP SP. Z O.O. SP. K.,2165.43,33
2021616946,13726995,Zarys International Group sp. z o.o. sp. k.,PL,Mazowiecki Szpital Wojewódzki im. św. Jana Pawła II w Siedlcach Spółka z ograniczoną odpowiedzialnością,PL,2021-11-26,33600000,2148.08,2148.08,OPE,L,0,2021,26/11/21,2021,ZARYS INTERNATIONAL GROUP SP. Z O.O. SP. K.,2148.08,33
2021616946,13726995,Zarys International Group sp. z o.o. sp. k.,PL,Mazowiecki Szpital Wojewódzki im. św. Jana Pawła II w Siedlcach Spółka z ograniczoną odpowiedzialnością,PL,2021-11-26,33600000,2148.08,2148.08,OPE,M,0,2021,26/11/21,2021,ZARYS INTERNATIONAL GROUP SP. Z O.O. SP. K.,2148.08,33
2021616946,13726996,Zarys International Group sp. z o.o. sp. k.,PL,Mazowiecki Szpital Wojewódzki im. św. Jana Pawła II w Siedlcach Spółka z ograniczoną odpowiedzialnością,PL,2021-11-26,33600000,185,185,OPE,M,0,2021,26/11/21,2021,ZARYS INTERNATIONAL GROUP SP. Z O.O. SP. K.,185,33
2021616946,13726996,Zarys International Group sp. z o.o. sp. k.,PL,Mazowiecki Szpital Wojewódzki im. św. Jana Pawła II w Siedlcach Spółka z ograniczoną odpowiedzialnością,PL,2021-11-26,33600000,185,185,OPE,L,0,2021,26/11/21,2021,ZARYS INTERNATIONAL GROUP SP. Z O.O. SP. K.,185,33
2021616946,13726997,Zarys International Group sp. z o.o. sp. k.,PL,Mazowiecki Szpital Wojewódzki im. św. Jana Pawła II w Siedlcach Spółka z ograniczoną odpowiedzialnością,PL,2021-11-26,33600000,46.13,46.13,OPE,M,0,2021,26/11/21,2021,ZARYS INTERNATIONAL GROUP SP. Z O.O. SP. K.,46.13,33
2021616946,13726997,Zarys International Group sp. z o.o. sp. k.,PL,Mazowiecki Szpital Wojewódzki im. św. Jana Pawła II w Siedlcach Spółka z ograniczoną odpowiedzialnością,PL,2021-11-26,33600000,46.13,46.13,OPE,L,0,2021,26/11/21,2021,ZARYS INTERNATIONAL GROUP SP. Z O.O. SP. K.,46.13,33
2022269445,14402646,ФРЕЗЕНИУС МЕДИКЪЛ КЕЪР БЪЛГАРИЯ ЕООД,BG,"УНИВЕРСИТЕТСКА МНОГОПРОФИЛНА БОЛНИЦА ЗА АКТИВНО ЛЕЧЕНИЕ """"ЦАРИЦА ЙОАННА-ИСУЛ"""" ЕАД",BG,2022-04-28,33181520,121075.77,121075.77,OPE,M,0,2022,28/04/22,2022,ФРЕЗЕНИУС МЕДИКЪЛ КЕЪР БЪЛГАРИЯ ЕООД,121075.77,33
2022269445,14402646,ФРЕЗЕНИУС МЕДИКЪЛ КЕЪР БЪЛГАРИЯ ЕООД,BG,"УНИВЕРСИТЕТСКА МНОГОПРОФИЛНА БОЛНИЦА ЗА АКТИВНО ЛЕЧЕНИЕ """"ЦАРИЦА ЙОАННА-ИСУЛ"""" ЕАД",BG,2022-04-28,33181520,121075.77,121075.77,OPE,L,0,2022,28/04/22,2022,ФРЕЗЕНИУС МЕДИКЪЛ КЕЪР БЪЛГАРИЯ ЕООД,121075.77,33
2022290781,14439970,Atea AS,NO,Vestland fylkeskommune,NO,2022-03-25,32320000,5903594.3,5903594.3,NIC,M,0,2022,25/03/22,2022,ATEA AS,5903594.3,32
2022290781,14439970,Atea AS,NO,Vestland fylkeskommune,NO,2022-03-25,32320000,5903594.3,5903594.3,NIC,L,0,2022,25/03/22,2022,ATEA AS,5903594.3,32
2022377246,14613567,Götz-Gebäudemanagement Franken GmbH,DE,Landratsamt Haßberge,DE,2022-06-14,90911300,1,1,OPE,L,0,2022,14/06/22,2022,GÖTZ-GEBÄUDEMANAGEMENT FRANKEN GMBH,1,90
2022377246,14613567,Götz-Gebäudemanagement Franken GmbH,DE,Landratsamt Haßberge,DE,2022-06-14,90911300,1,1,OPE,M,0,2022,14/06/22,2022,GÖTZ-GEBÄUDEMANAGEMENT FRANKEN GMBH,1,90
2022377246,14613568,Piepenbrock Dienstleistungen GmbH + Co. KG,DE,Landratsamt Haßberge,DE,2022-06-14,90911300,1,1,OPE,M,0,2022,14/06/22,2022,PIEPENBROCK DIENSTLEISTUNGEN GMBH + CO. KG,1,90
2022377246,14613568,Piepenbrock Dienstleistungen GmbH + Co. KG,DE,Landratsamt Haßberge,DE,2022-06-14,90911300,1,1,OPE,L,0,2022,14/06/22,2022,PIEPENBROCK DIENSTLEISTUNGEN GMBH + CO. KG,1,90
2022377246,14613574,Götz-Gebäudemanagement Franken GmbH,DE,Landratsamt Haßberge,DE,2022-06-14,90911300,1,1,OPE,L,0,2022,14/06/22,2022,GÖTZ-GEBÄUDEMANAGEMENT FRANKEN GMBH,1,90
2022377246,14613574,Götz-Gebäudemanagement Franken GmbH,DE,Landratsamt Haßberge,DE,2022-06-14,90911300,1,1,OPE,M,0,2022,14/06/22,2022,GÖTZ-GEBÄUDEMANAGEMENT FRANKEN GMBH,1,90
2022377246,14613575,Piepenbrock Dienstleistungen GmbH + Co. KG,DE,Landratsamt Haßberge,DE,2022-06-14,90911300,1,1,OPE,L,0,2022,14/06/22,2022,PIEPENBROCK DIENSTLEISTUNGEN GMBH + CO. KG,1,90
2022377246,14613575,Piepenbrock Dienstleistungen GmbH + Co. KG,DE,Landratsamt Haßberge,DE,2022-06-14,90911300,1,1,OPE,M,0,2022,14/06/22,2022,PIEPENBROCK DIENSTLEISTUNGEN GMBH + CO. KG,1,90
2022377246,14613577,Götz-Gebäudemanagement Franken GmbH,DE,Landratsamt Haßberge,DE,2022-06-14,90911300,1,1,OPE,M,0,2022,14/06/22,2022,GÖTZ-GEBÄUDEMANAGEMENT FRANKEN GMBH,1,90
2022377246,14613577,Götz-Gebäudemanagement Franken GmbH,DE,Landratsamt Haßberge,DE,2022-06-14,90911300,1,1,OPE,L,0,2022,14/06/22,2022,GÖTZ-GEBÄUDEMANAGEMENT FRANKEN GMBH,1,90
2022377246,14613578,Piepenbrock Dienstleistungen GmbH + Co. KG,DE,Landratsamt Haßberge,DE,2022-06-14,90911300,1,1,OPE,L,0,2022,14/06/22,2022,PIEPENBROCK DIENSTLEISTUNGEN GMBH + CO. KG,1,90
2022377246,14613578,Piepenbrock Dienstleistungen GmbH + Co. KG,DE,Landratsamt Haßberge,DE,2022-06-14,90911300,1,1,OPE,M,0,2022,14/06/22,2022,PIEPENBROCK DIENSTLEISTUNGEN GMBH + CO. KG,1,90
2022377246,14613579,Elfra Gebäudemanagement GmbH,DE,Landratsamt Haßberge,DE,2022-06-14,90911300,1,1,OPE,M,0,2022,14/06/22,2022,ELFRA GEBÄUDEMANAGEMENT GMBH,1,90
2022377246,14613579,Elfra Gebäudemanagement GmbH,DE,Landratsamt Haßberge,DE,2022-06-14,90911300,1,1,OPE,L,0,2022,14/06/22,2022,ELFRA GEBÄUDEMANAGEMENT GMBH,1,90
2022377246,14613580,Piepenbrock Dienstleistungen GmbH + Co. KG,DE,Landratsamt Haßberge,DE,2022-06-14,90911300,1,1,OPE,M,0,2022,14/06/22,2022,PIEPENBROCK DIENSTLEISTUNGEN GMBH + CO. KG,1,90
2022377246,14613580,Piepenbrock Dienstleistungen GmbH + Co. KG,DE,Landratsamt Haßberge,DE,2022-06-14,90911300,1,1,OPE,L,0,2022,14/06/22,2022,PIEPENBROCK DIENSTLEISTUNGEN GMBH + CO. KG,1,90
2022464800,14798843,UAB IRMCO,LT,VšĮ Respublikinė Vilniaus universitetinė ligoninė,LT,2022-08-12,33199000,265500,265500,OPE,L,0,2022,12/08/22,2022,UAB IRMCO,265500,33
2022464800,14798843,UAB IRMCO,LT,VšĮ Respublikinė Vilniaus universitetinė ligoninė,LT,2022-08-12,33199000,265500,265500,OPE,M,0,2022,12/08/22,2022,UAB IRMCO,265500,33
2022492556,14855646,UAB Amidus---UAB Profectus novus,LT---LT,Europos socialinio fondo agentūra,LT,2022-08-31,72262000,332350,332350,OPE,M,0,2022,31/08/22,2022,UAB AMIDUS---UAB PROFECTUS NOVUS,332350,72
2022492556,14855646,UAB Amidus---UAB Profectus novus,LT---LT,Europos socialinio fondo agentūra,LT,2022-08-31,72262000,332350,332350,OPE,L,0,2022,31/08/22,2022,UAB AMIDUS---UAB PROFECTUS NOVUS,332350,72
2022697082,15303934,ИНТЕРГАЛЕНИКА ООД,BG,МНОГОПРОФИЛНА БОЛНИЦА ЗА АКТИВНО ЛЕЧЕНИЕ-Д-Р АТАНАС ДАФОВСКИ АД,BG,2022-11-28,33140000,529035.69,529035.69,OPE,M,0,2022,28/11/22,2022,ИНТЕРГАЛЕНИКА ООД,529035.69,33
2022697082,15303934,ИНТЕРГАЛЕНИКА ООД,BG,МНОГОПРОФИЛНА БОЛНИЦА ЗА АКТИВНО ЛЕЧЕНИЕ-Д-Р АТАНАС ДАФОВСКИ АД,BG,2022-11-28,33140000,529035.69,529035.69,OPE,L,0,2022,28/11/22,2022,ИНТЕРГАЛЕНИКА ООД,529035.69,33
202346262,15497705,"UAB """"Slaugivita""""",LT,Viešoji įstaiga Regioninė Telšių ligoninė,LT,2022-11-21,33100000,846.95,846.95,OPE,M,0,2023,21/11/22,2022,"UAB """"SLAUGIVITA""""",846.95,33
202346262,15497705,"UAB """"Slaugivita""""",LT,Viešoji įstaiga Regioninė Telšių ligoninė,LT,2022-11-21,33100000,846.95,846.95,OPE,L,0,2023,21/11/22,2022,"UAB """"SLAUGIVITA""""",846.95,33
202388020,15610424,AIR LIQUIDE MEDICINAL S.A.,PT,"Hospital do Espirito Santo de Évora, EPE",PT,2023-01-31,24111500,250432.2,250432.2,OPE,L,0,2023,31/01/23,2023,AIR LIQUIDE MEDICINAL S.A.,250432.2,24
202388020,15610424,AIR LIQUIDE MEDICINAL S.A.,PT,"Hospital do Espirito Santo de Évora, EPE",PT,2023-01-31,24111500,250432.2,250432.2,OPE,M,0,2023,31/01/23,2023,AIR LIQUIDE MEDICINAL S.A.,250432.2,24
202398464,15633942,scenetec,FR,ville de Monceau-Les-Mines,FR,2023-02-14,31500000,174865.38,174865.38,OPE,L,0,2023,14/02/23,2023,SCENETEC,174865.38,31
202398464,15633942,scenetec,FR,ville de Monceau-Les-Mines,FR,2023-02-14,31500000,174865.38,174865.38,OPE,M,0,2023,14/02/23,2023,SCENETEC,174865.38,31
202398464,15633943,adequa'Son,FR,ville de Monceau-Les-Mines,FR,2023-02-14,31500000,317657.54,317657.54,OPE,M,0,2023,14/02/23,2023,ADEQUA'SON,317657.54,31
202398464,15633943,adequa'Son,FR,ville de Monceau-Les-Mines,FR,2023-02-14,31500000,317657.54,317657.54,OPE,L,0,2023,14/02/23,2023,ADEQUA'SON,317657.54,31
2023170428,15786776,BENASSI S.r.l. (mandataria) C.F./P.IVA 00690640354---BLUECO S.r.l. C.F. 06523030010---F.I.S. S.p.A. C.F./P.IVA 02797570161---FACCHINI SPURGHI S.r.l. C.F. 09446540156,IT---IT---IT---IT,CAP HOLDING SPA,IT,2023-03-07,45232410,8500000,8500000,OPE,L,0,2023,07/03/23,2023,BENASSI S.R.L. (MANDATARIA) C.F./P.IVA 00690640354---BLUECO S.R.L. C.F. 06523030010---F.I.S. S.P.A. C.F./P.IVA 02797570161---FACCHINI SPURGHI S.R.L. C.F. 09446540156,8500000,45
2023170428,15786776,BENASSI S.r.l. (mandataria) C.F./P.IVA 00690640354---BLUECO S.r.l. C.F. 06523030010---F.I.S. S.p.A. C.F./P.IVA 02797570161---FACCHINI SPURGHI S.r.l. C.F. 09446540156,IT---IT---IT---IT,CAP HOLDING SPA,IT,2023-03-07,45232410,8500000,8500000,OPE,M,0,2023,07/03/23,2023,BENASSI S.R.L. (MANDATARIA) C.F./P.IVA 00690640354---BLUECO S.R.L. C.F. 06523030010---F.I.S. S.P.A. C.F./P.IVA 02797570161---FACCHINI SPURGHI S.R.L. C.F. 09446540156,8500000,45
2023170655,15787090,EKSO S.r.l. C.F. 01076940889,IT,CAP HOLDING SPA,IT,2023-02-07,45232410,5000000,5000000,OPE,L,0,2023,07/02/23,2023,EKSO S.R.L. C.F. 01076940889,5000000,45
2023170655,15787090,EKSO S.r.l. C.F. 01076940889,IT,CAP HOLDING SPA,IT,2023-02-07,45232410,5000000,5000000,OPE,M,0,2023,07/02/23,2023,EKSO S.R.L. C.F. 01076940889,5000000,45
2023220832,15902156,Curium Italy srl,IT,A.O. ORDINE MAURIZIANO DI TORINO,IT,2023-02-08,33693000,2338998.52,2338998.52,OPE,M,0,2023,08/02/23,2023,CURIUM ITALY SRL,2338998.52,33
2023220832,15902156,Curium Italy srl,IT,A.O. ORDINE MAURIZIANO DI TORINO,IT,2023-02-08,33693000,2338998.52,2338998.52,OPE,L,0,2023,08/02/23,2023,CURIUM ITALY SRL,2338998.52,33
2023223701,15911482,Rosenbauer Deutschland GmbH,DE,Stadtverwaltung Teltow,DE,2023-04-03,34144210,769000,769000,OPE,L,0,2023,03/04/23,2023,ROSENBAUER DEUTSCHLAND GMBH,769000,34
2023223701,15911482,Rosenbauer Deutschland GmbH,DE,Stadtverwaltung Teltow,DE,2023-04-03,34144210,769000,769000,OPE,M,0,2023,03/04/23,2023,ROSENBAUER DEUTSCHLAND GMBH,769000,34
2023287581,16044325,"UAB """"AK Consult""""",LT,Viešoji įstaiga Regioninė Telšių ligoninė,LT,2023-03-27,33100000,2072,2072,OPE,L,0,2023,27/03/23,2023,"UAB """"AK CONSULT""""",2072,33
2023287581,16044325,"UAB """"AK Consult""""",LT,Viešoji įstaiga Regioninė Telšių ligoninė,LT,2023-03-27,33100000,2072,2072,OPE,M,0,2023,27/03/23,2023,"UAB """"AK CONSULT""""",2072,33
2023287581,16044327,"UAB """"Skirgesa""""",LT,Viešoji įstaiga Regioninė Telšių ligoninė,LT,2023-03-27,33100000,4377,4377,OPE,L,0,2023,27/03/23,2023,"UAB """"SKIRGESA""""",4377,33
2023287581,16044327,"UAB """"Skirgesa""""",LT,Viešoji įstaiga Regioninė Telšių ligoninė,LT,2023-03-27,33100000,4377,4377,OPE,M,0,2023,27/03/23,2023,"UAB """"SKIRGESA""""",4377,33
2023287581,16044329,"UAB """"M Prekyba""""",LT,Viešoji įstaiga Regioninė Telšių ligoninė,LT,2023-03-27,33100000,10354,10354,OPE,M,0,2023,27/03/23,2023,"UAB """"M PREKYBA""""",10354,33
2023287581,16044329,"UAB """"M Prekyba""""",LT,Viešoji įstaiga Regioninė Telšių ligoninė,LT,2023-03-27,33100000,10354,10354,OPE,L,0,2023,27/03/23,2023,"UAB """"M PREKYBA""""",10354,33
2023287581,16044330,"UAB """"Limeta""""",LT,Viešoji įstaiga Regioninė Telšių ligoninė,LT,2023-03-27,33100000,6927,6927,OPE,L,0,2023,27/03/23,2023,"UAB """"LIMETA""""",6927,33
2023287581,16044330,"UAB """"Limeta""""",LT,Viešoji įstaiga Regioninė Telšių ligoninė,LT,2023-03-27,33100000,6927,6927,OPE,M,0,2023,27/03/23,2023,"UAB """"LIMETA""""",6927,33
2023287581,16044331,MB Runibeda,LT,Viešoji įstaiga Regioninė Telšių ligoninė,LT,2023-03-27,33100000,42200,42200,OPE,M,0,2023,27/03/23,2023,MB RUNIBEDA,42200,33
2023287581,16044331,MB Runibeda,LT,Viešoji įstaiga Regioninė Telšių ligoninė,LT,2023-03-27,33100000,42200,42200,OPE,L,0,2023,27/03/23,2023,MB RUNIBEDA,42200,33
2023287581,16044335,"UAB """"B. Braun Medical""""",LT,Viešoji įstaiga Regioninė Telšių ligoninė,LT,2023-03-27,33100000,3148,3148,OPE,L,0,2023,27/03/23,2023,"UAB """"B. BRAUN MEDICAL""""",3148,33
2023287581,16044335,"UAB """"B. Braun Medical""""",LT,Viešoji įstaiga Regioninė Telšių ligoninė,LT,2023-03-27,33100000,3148,3148,OPE,M,0,2023,27/03/23,2023,"UAB """"B. BRAUN MEDICAL""""",3148,33
2023335157,16146540,"""""FABIMEX"""" Więcek Sp. j. ul. Cedrowa 16, 04-565 Warszawa NIP: 113-00-41-096",PL,Specjalistyczny Szpital Wojewódzki w Ciechanowie,PL,2023-06-01,33696500,270813.04,270813.04,OPE,L,0,2023,01/06/23,2023,"""""FABIMEX"""" WIĘCEK SP. J. UL. CEDROWA 16, 04-565 WARSZAWA NIP: 113-00-41-096",270813.04,33
2023335157,16146540,"""""FABIMEX"""" Więcek Sp. j. ul. Cedrowa 16, 04-565 Warszawa NIP: 113-00-41-096",PL,Specjalistyczny Szpital Wojewódzki w Ciechanowie,PL,2023-06-01,33696500,270813.04,270813.04,OPE,M,0,2023,01/06/23,2023,"""""FABIMEX"""" WIĘCEK SP. J. UL. CEDROWA 16, 04-565 WARSZAWA NIP: 113-00-41-096",270813.04,33
2023355669,16175418,СИМЕНС ХЕЛТКЕЪР ЕООД,BG,"МНОГОПРОФИЛНА БОЛНИЦА ЗА АКТИВНО ЛЕЧЕНИЕ """"Д-Р ТОТА ВЕНКОВА"""" АД",BG,2023-06-01,50400000,40385.65,40385.65,OPE,L,0,2023,01/06/23,2023,СИМЕНС ХЕЛТКЕЪР ЕООД,40385.65,50
2023355669,16175418,СИМЕНС ХЕЛТКЕЪР ЕООД,BG,"МНОГОПРОФИЛНА БОЛНИЦА ЗА АКТИВНО ЛЕЧЕНИЕ """"Д-Р ТОТА ВЕНКОВА"""" АД",BG,2023-06-01,50400000,40385.65,40385.65,OPE,M,0,2023,01/06/23,2023,СИМЕНС ХЕЛТКЕЪР ЕООД,40385.65,50
2023525284,16525966,jl international,FR,epa helen keller,FR,2023-08-07,60120000,54089,54089,OPE,M,0,2023,07/08/23,2023,JL INTERNATIONAL,54089,60
2023525284,16525966,jl international,FR,epa helen keller,FR,2023-08-07,60120000,54089,54089,OPE,L,0,2023,07/08/23,2023,JL INTERNATIONAL,54089,60
2023576202,16630732,UAB „Tradintek“,LT,Viešoji įstaiga CPO LT,LT,2023-08-31,33100000,49100,49100,OPE,L,0,2023,31/08/23,2023,UAB „TRADINTEK“,49100,33
2023576202,16630732,UAB „Tradintek“,LT,Viešoji įstaiga CPO LT,LT,2023-08-31,33100000,49100,49100,OPE,M,0,2023,31/08/23,2023,UAB „TRADINTEK“,49100,33
2023705160,16892775,"Przedsiębiorstwo Wielobranżowe C.E.G. Olga Perlińska ul. Pryzmaty 15, 02-226 Warszawa NIP: 772-212-65-99",PL,Specjalistyczny Szpital Wojewódzki w Ciechanowie,PL,2023-11-15,39830000,120868.1,120868.1,OPE,L,0,2023,15/11/23,2023,"PRZEDSIĘBIORSTWO WIELOBRANŻOWE C.E.G. OLGA PERLIŃSKA UL. PRYZMATY 15, 02-226 WARSZAWA NIP: 772-212-65-99",120868.1,39
2023705160,16892775,"Przedsiębiorstwo Wielobranżowe C.E.G. Olga Perlińska ul. Pryzmaty 15, 02-226 Warszawa NIP: 772-212-65-99",PL,Specjalistyczny Szpital Wojewódzki w Ciechanowie,PL,2023-11-15,39830000,120868.1,120868.1,OPE,M,0,2023,15/11/23,2023,"PRZEDSIĘBIORSTWO WIELOBRANŻOWE C.E.G. OLGA PERLIŃSKA UL. PRYZMATY 15, 02-226 WARSZAWA NIP: 772-212-65-99",120868.1,39
2023728034,16934932,"EPYCARDIO, S.L.",ES,SERVICIO MADRILEÑO DE SALUD - HOSPITAL UNIVERSITARIO 12 DE OCTUBRE,ES,2023-07-10,33184300,301835,301835,OPE,L,0,2023,10/07/23,2023,"EPYCARDIO, S.L.",301835,33
2023728034,16934932,"EPYCARDIO, S.L.",ES,SERVICIO MADRILEÑO DE SALUD - HOSPITAL UNIVERSITARIO 12 DE OCTUBRE,ES,2023-07-10,33184300,301835,301835,OPE,M,0,2023,10/07/23,2023,"EPYCARDIO, S.L.",301835,33
2023728034,16934935,"EDWARDS LIFESCIENCES, S.L.",ES,SERVICIO MADRILEÑO DE SALUD - HOSPITAL UNIVERSITARIO 12 DE OCTUBRE,ES,2023-07-10,33184300,176699,176699,OPE,L,0,2023,10/07/23,2023,"EDWARDS LIFESCIENCES, S.L.",176699,33
2023728034,16934935,"EDWARDS LIFESCIENCES, S.L.",ES,SERVICIO MADRILEÑO DE SALUD - HOSPITAL UNIVERSITARIO 12 DE OCTUBRE,ES,2023-07-10,33184300,176699,176699,OPE,M,0,2023,10/07/23,2023,"EDWARDS LIFESCIENCES, S.L.",176699,33
2023736336,16948303,"UAB """"Diagnostinės sistemos""""",LT,Turto valdymo ir ūkio departamentas prie Lietuvos Respublikos vidaus reikalų ministerijos,LT,2023-11-20,33696500,78981,78981,OPE,M,0,2023,20/11/23,2023,"UAB """"DIAGNOSTINĖS SISTEMOS""""",78981,33
2023736336,16948303,"UAB """"Diagnostinės sistemos""""",LT,Turto valdymo ir ūkio departamentas prie Lietuvos Respublikos vidaus reikalų ministerijos,LT,2023-11-20,33696500,78981,78981,OPE,L,0,2023,20/11/23,2023,"UAB """"DIAGNOSTINĖS SISTEMOS""""",78981,33
2018282076,8796795,SCHULKE POLSKA Sp. z o.o.,PL,Szpital Specjalistyczny w Kościerzynie Sp. z o.o.,PL,2018-06-01,33631600,9868.03,9868.03,OPE,L,0,2018,01/06/18,2018,SCHULKE POLSKA SP. Z O.O.,9868.03,33
2018282076,8796795,SCHULKE POLSKA Sp. z o.o.,PL,Szpital Specjalistyczny w Kościerzynie Sp. z o.o.,PL,2018-06-01,33631600,9868.03,9868.03,OPE,M,0,2018,01/06/18,2018,SCHULKE POLSKA SP. Z O.O.,9868.03,33
2018282076,8796796,Alpinus Chemia Sp. z o.o.,PL,Szpital Specjalistyczny w Kościerzynie Sp. z o.o.,PL,2018-06-01,33631600,4151.21,4151.21,OPE,M,0,2018,01/06/18,2018,ALPINUS CHEMIA SP. Z O.O.,4151.21,33
2018282076,8796796,Alpinus Chemia Sp. z o.o.,PL,Szpital Specjalistyczny w Kościerzynie Sp. z o.o.,PL,2018-06-01,33631600,4151.21,4151.21,OPE,L,0,2018,01/06/18,2018,ALPINUS CHEMIA SP. Z O.O.,4151.21,33
2018282076,8796797,SCHULKE POLSKA Sp. z o.o.,PL,Szpital Specjalistyczny w Kościerzynie Sp. z o.o.,PL,2018-06-01,33631600,2627.58,2627.58,OPE,M,0,2018,01/06/18,2018,SCHULKE POLSKA SP. Z O.O.,2627.58,33
2018282076,8796797,SCHULKE POLSKA Sp. z o.o.,PL,Szpital Specjalistyczny w Kościerzynie Sp. z o.o.,PL,2018-06-01,33631600,2627.58,2627.58,OPE,L,0,2018,01/06/18,2018,SCHULKE POLSKA SP. Z O.O.,2627.58,33
2018282076,8796798,SCHULKE POLSKA Sp. z o.o.,PL,Szpital Specjalistyczny w Kościerzynie Sp. z o.o.,PL,2018-06-01,33631600,675.14,675.14,OPE,L,0,2018,01/06/18,2018,SCHULKE POLSKA SP. Z O.O.,675.14,33
2018282076,8796798,SCHULKE POLSKA Sp. z o.o.,PL,Szpital Specjalistyczny w Kościerzynie Sp. z o.o.,PL,2018-06-01,33631600,675.14,675.14,OPE,M,0,2018,01/06/18,2018,SCHULKE POLSKA SP. Z O.O.,675.14,33
2018282076,8796816,SCHULKE POLSKA Sp. z o.o.,PL,Szpital Specjalistyczny w Kościerzynie Sp. z o.o.,PL,2018-06-01,33631600,2201.92,2201.92,OPE,M,0,2018,01/06/18,2018,SCHULKE POLSKA SP. Z O.O.,2201.92,33
2018282076,8796816,SCHULKE POLSKA Sp. z o.o.,PL,Szpital Specjalistyczny w Kościerzynie Sp. z o.o.,PL,2018-06-01,33631600,2201.92,2201.92,OPE,L,0,2018,01/06/18,2018,SCHULKE POLSKA SP. Z O.O.,2201.92,33
2018282076,8796817,Olympus Polska Sp. z o.o.,PL,Szpital Specjalistyczny w Kościerzynie Sp. z o.o.,PL,2018-06-01,33631600,34678.13,34678.13,OPE,M,0,2018,01/06/18,2018,OLYMPUS POLSKA SP. Z O.O.,34678.13,33
2018282076,8796817,Olympus Polska Sp. z o.o.,PL,Szpital Specjalistyczny w Kościerzynie Sp. z o.o.,PL,2018-06-01,33631600,34678.13,34678.13,OPE,L,0,2018,01/06/18,2018,OLYMPUS POLSKA SP. Z O.O.,34678.13,33
2018282076,8796818,Bialmed Sp. z o.o.,PL,Szpital Specjalistyczny w Kościerzynie Sp. z o.o.,PL,2018-06-01,33631600,17629.48,17629.48,OPE,L,0,2018,01/06/18,2018,BIALMED SP. Z O.O.,17629.48,33
2018282076,8796818,Bialmed Sp. z o.o.,PL,Szpital Specjalistyczny w Kościerzynie Sp. z o.o.,PL,2018-06-01,33631600,17629.48,17629.48,OPE,M,0,2018,01/06/18,2018,BIALMED SP. Z O.O.,17629.48,33
2018282076,8796819,Bialmed Sp. z o.o.,PL,Szpital Specjalistyczny w Kościerzynie Sp. z o.o.,PL,2018-06-01,33631600,5077.35,5077.35,OPE,M,0,2018,01/06/18,2018,BIALMED SP. Z O.O.,5077.35,33
2018282076,8796819,Bialmed Sp. z o.o.,PL,Szpital Specjalistyczny w Kościerzynie Sp. z o.o.,PL,2018-06-01,33631600,5077.35,5077.35,OPE,L,0,2018,01/06/18,2018,BIALMED SP. Z O.O.,5077.35,33
2018282076,8796820,SCHULKE POLSKA Sp. z o.o.,PL,Szpital Specjalistyczny w Kościerzynie Sp. z o.o.,PL,2018-06-01,33631600,2920.8,2920.8,OPE,L,0,2018,01/06/18,2018,SCHULKE POLSKA SP. Z O.O.,2920.8,33
2018282076,8796820,SCHULKE POLSKA Sp. z o.o.,PL,Szpital Specjalistyczny w Kościerzynie Sp. z o.o.,PL,2018-06-01,33631600,2920.8,2920.8,OPE,M,0,2018,01/06/18,2018,SCHULKE POLSKA SP. Z O.O.,2920.8,33
2018282076,8796821,Bialmed Sp. z o.o.,PL,Szpital Specjalistyczny w Kościerzynie Sp. z o.o.,PL,2018-06-01,33631600,3165.87,3165.87,OPE,M,0,2018,01/06/18,2018,BIALMED SP. Z O.O.,3165.87,33
2018282076,8796821,Bialmed Sp. z o.o.,PL,Szpital Specjalistyczny w Kościerzynie Sp. z o.o.,PL,2018-06-01,33631600,3165.87,3165.87,OPE,L,0,2018,01/06/18,2018,BIALMED SP. Z O.O.,3165.87,33
2018284735,8798924,UAB „Principalmed 1L“,LT,VšĮ Respublikinė Vilniaus universitetinė ligoninė,LT,2018-04-26,33140000,47553,47553,OPE,L,0,2018,26/04/18,2018,UAB „PRINCIPALMED 1L“,47553,33
2018284735,8798924,UAB „Principalmed 1L“,LT,VšĮ Respublikinė Vilniaus universitetinė ligoninė,LT,2018-04-26,33140000,47553,47553,OPE,M,0,2018,26/04/18,2018,UAB „PRINCIPALMED 1L“,47553,33
2018284735,8798926,UAB „Salmeda“,LT,VšĮ Respublikinė Vilniaus universitetinė ligoninė,LT,2018-05-09,33140000,10376.16,10376.16,OPE,L,0,2018,09/05/18,2018,UAB „SALMEDA“,10376.16,33
2018284735,8798926,UAB „Salmeda“,LT,VšĮ Respublikinė Vilniaus universitetinė ligoninė,LT,2018-05-09,33140000,10376.16,10376.16,OPE,M,0,2018,09/05/18,2018,UAB „SALMEDA“,10376.16,33
2018284735,8798933,UAB „Technolabo“,LT,VšĮ Respublikinė Vilniaus universitetinė ligoninė,LT,2018-05-24,33140000,5336,5336,OPE,L,0,2018,24/05/18,2018,UAB „TECHNOLABO“,5336,33
2018284735,8798933,UAB „Technolabo“,LT,VšĮ Respublikinė Vilniaus universitetinė ligoninė,LT,2018-05-24,33140000,5336,5336,OPE,M,0,2018,24/05/18,2018,UAB „TECHNOLABO“,5336,33
2018348823,8888372,Fa. A. Ziegler GmbH,DE,Gemeinde Höhenkirchen-Siegertsbrunn,DE,2018-08-08,34144210,314089.79,314089.79,RES,M,0,2018,08/08/18,2018,FA. A. ZIEGLER GMBH,314089.79,34
2018348823,8888372,Fa. A. Ziegler GmbH,DE,Gemeinde Höhenkirchen-Siegertsbrunn,DE,2018-08-08,34144210,314089.79,314089.79,RES,L,0,2018,08/08/18,2018,FA. A. ZIEGLER GMBH,314089.79,34
2018401630,8957374,„Консорциум Стронг — Селект“ ДЗЗД,BG,Министерство на здравеопазването,BG,2018-09-05,79713000,238110.79,238110.79,OPE,L,0,2018,05/09/18,2018,„КОНСОРЦИУМ СТРОНГ — СЕЛЕКТ“ ДЗЗД,238110.79,79
2018401630,8957374,„Консорциум Стронг — Селект“ ДЗЗД,BG,Министерство на здравеопазването,BG,2018-09-05,79713000,238110.79,238110.79,OPE,M,0,2018,05/09/18,2018,„КОНСОРЦИУМ СТРОНГ — СЕЛЕКТ“ ДЗЗД,238110.79,79
2018428323,8989343,„Триера“ ООД,BG,„БДЖ — Пътнически превози“ ЕООД,BG,2018-09-03,44440000,90756.66,90756.66,OPE,L,0,2018,03/09/18,2018,„ТРИЕРА“ ООД,90756.66,44
2018428323,8989343,„Триера“ ООД,BG,„БДЖ — Пътнически превози“ ЕООД,BG,2018-09-03,44440000,90756.66,90756.66,OPE,M,0,2018,03/09/18,2018,„ТРИЕРА“ ООД,90756.66,44
